id,first_name,last_name,email,gender
1,Venita,Hendren,vhendren0@sakura.ne.jp,Female
2,Corrianne,Give,cgive1@macromedia.com,Female
3,Misty,Aiskrigg,maiskrigg2@eepurl.com,Female
4,Colman,De la Feld,cdelafeld3@creativecommons.org,Male
5,Vinny,Smalls,vsmalls4@ifeng.com,Male
6,Freddi,Brownsill,fbrownsill5@about.com,Female
7,Georgeanne,Streak,gstreak6@ezinearticles.com,Bigender
8,Freeman,McWhan,fmcwhan7@ameblo.jp,Male
9,Trstram,Gregorowicz,tgregorowicz8@senate.gov,Male
10,Cordell,Tivnan,ctivnan9@istockphoto.com,Male
11,Lilah,Friatt,lfriatta@furl.net,Female
12,Marlon,Maxstead,mmaxsteadb@amazon.co.uk,Male
13,Kelly,Twort,ktwortc@columbia.edu,Female
14,Scarlet,Rudsdell,srudsdelld@timesonline.co.uk,Female
15,Clarence,Ducker,cduckere@indiatimes.com,Bigender
16,Rhiamon,Leisk,rleiskf@epa.gov,Female
17,Ardeen,Muckleston,amucklestong@java.com,Female
18,Karie,Chesshyre,kchesshyreh@dailymotion.com,Female
19,Lon,Lum,llumi@seesaa.net,Male
20,Elisabetta,Scutching,escutchingj@house.gov,Female
21,Sherlocke,Farrear,sfarreark@360.cn,Male
22,Teodorico,Kinleyside,tkinleysidel@shop-pro.jp,Male
23,Corilla,Dimmack,cdimmackm@nih.gov,Female
24,Julius,Shearsby,jshearsbyn@google.com.hk,Male
25,Marney,Wilden,mwildeno@google.com,Female
26,Jakie,Benasik,jbenasikp@fema.gov,Male
27,Madelaine,Fitzpayn,mfitzpaynq@rakuten.co.jp,Female
28,Jarrett,Perocci,jperoccir@delicious.com,Male
29,Rudy,Wiggam,rwiggams@google.co.jp,Male
30,Aindrea,Lovelace,alovelacet@xrea.com,Female
31,Tiebold,Salerno,tsalernou@skype.com,Male
32,Corrie,Doret,cdoretv@360.cn,Male
33,Koral,Greensite,kgreensitew@1688.com,Female
34,Aldwin,Loving,alovingx@storify.com,Male
35,Drucill,Sayles,dsaylesy@msu.edu,Female
36,Georgy,Hullett,ghullettz@tripod.com,Male
37,Osbert,Reinhardt,oreinhardt10@jigsy.com,Male
38,Horacio,Hegarty,hhegarty11@goo.gl,Polygender
39,Brandea,Baulk,bbaulk12@hao123.com,Female
40,Vinny,Kiddy,vkiddy13@engadget.com,Female
41,Garvin,McIlwaine,gmcilwaine14@mozilla.com,Male
42,Eirena,Gorstidge,egorstidge15@scribd.com,Female
43,Lind,Wedgbrow,lwedgbrow16@scientificamerican.com,Non-binary
44,Darb,Domek,ddomek17@hugedomains.com,Female
45,Gregory,Phant,gphant18@parallels.com,Male
46,Pennie,Gaspard,pgaspard19@bloomberg.com,Female
47,Kaile,Tregidga,ktregidga1a@huffingtonpost.com,Female
48,Aili,Blowers,ablowers1b@arizona.edu,Female
49,Elinore,Hubber,ehubber1c@tumblr.com,Female
50,Ferdinanda,Cordon,fcordon1d@newyorker.com,Female
